Keywords,Competitor_Domain,Search_Keywords,Matched_Keywords,Match_Count,Total_Keywords,Is_Upgrade,Google_Rank,Competitor_Title
Plumber Brevard,brevardplumbers.com,"plumber, brevard","plumber, brevard",2,2,TRUE,3,Anchor Plumbing Service - Home
Blinds Seattle,customblindsseattle.com,"blinds, seattle","blinds, seattle",2,2,TRUE,3,"Seattle Blinds | Blinds, Shades, Shutters, Drapery | Redmond, WA"
Paw Systems,medalpawsystems.com,"paw, systems","paw, systems",2,2,TRUE,1,Medal Paw Kennel Systems: HOME PAGE
Paw Systems,medalpawsystems.com,"paw, systems","paw, systems",2,2,TRUE,5,4ft x 10ft x 6ft Powder-coated Kennel | Medal Paw Kennel Sys
Paw Systems,paw-systems.com,"paw, systems","paw, systems",2,2,TRUE,8,People at Work Systems AG
Hail Bros,thehailbros.com,"hail, bros","hail, bros",2,2,TRUE,1,Hail Bros
Concrete Sonoma,duarteconcretesonoma.com,"concrete, sonoma","concrete, sonoma",2,2,TRUE,2,Duarte Concrete | Residential & Commercial Concrete Contractor ...
Recover Foundation,recoverfoundation.org,"recover, foundation","recover, foundation",2,2,TRUE,3,Recover Foundation (R)
Recover Foundation,recoverfoundation.org,"recover, foundation","recover, foundation",2,2,TRUE,10,Treatment - Recover Foundation (R)
Crisp Attorneys,rcrispattorneys.co.za,"crisp, attorneys","crisp, attorneys",2,2,TRUE,1,ruth crisp attorneys
Crisp Attorneys,rcrispattorneys.co.za,"crisp, attorneys","crisp, attorneys",2,2,TRUE,4,Criminal Law - RUTH CRISP ATTORNEYS
Concrete Wichita,oppconcretewichita.com,"concrete, wichita","concrete, wichita",2,2,TRUE,1,OPP Concrete: Home
Concrete Wichita,concretewichitaks.com,"concrete, wichita","concrete, wichita",2,2,TRUE,7,Concrete Contractors Wichita KS: Concrete Wichita KS
Concrete Wichita,wichitaconcrete.net,"concrete, wichita","concrete, wichita",2,2,TRUE,9,"Stamped Concrete | Stained Concrete | Decorative | Wichita, KS"
Flooring Woodbridge,flooringwoodbridge.com,"flooring, woodbridge","flooring, woodbridge",2,2,TRUE,6,"About Our Flooring Contractor in Woodbridge, VA, 22193"
Lets Software,lets-software.github.io,"lets, software","lets, software",2,2,TRUE,1,LETS-Software - Home
Calico Cloud,calicocloud.io,"calico, cloud","calico, cloud",2,2,TRUE,1,Calico Cloud
Calico Cloud,admin.calicocloud.co.za,"calico, cloud","calico, cloud",2,2,TRUE,9,Login - Calico Cloud
Virtual Gamin,virtualgaming.com,"virtual, gamin","virtual, gamin",2,2,TRUE,1,Virtual Gaming
Lists Mailing,spectrummailinglists.com,"lists, mailing","lists, mailing",2,2,TRUE,8,Mailing Lists - Mailing Lists Direct Mail Marketing
Blooming Bookkeeping,bloomingbookkeeping.online,"blooming, bookkeeping","blooming, bookkeeping",2,2,TRUE,4,Blooming Bookkeeping
Blooming Bookkeeping,bloomingbookkeeping.com,"blooming, bookkeeping","blooming, bookkeeping",2,2,TRUE,10,Terms and Conditions - Blooming Bookkeeping
Recruitment Flex,therecruitmentflex.com,"recruitment, flex","recruitment, flex",2,2,TRUE,1,The Recruitment Flex: HOME
Unlimited Exteriors,unlimitedexteriorsllc.com,"unlimited, exteriors","unlimited, exteriors",2,2,TRUE,1,Unlimited Exteriors
Unlimited Exteriors,unlimitedexteriorsllc.com,"unlimited, exteriors","unlimited, exteriors",2,2,TRUE,5,Our Team - Unlimited Exteriors
Unlimited Exteriors,exteriors-unlimited.com,"unlimited, exteriors","unlimited, exteriors",2,2,TRUE,10,Exteriors Unlimited Landscape Contractors | Outdoor Living
Optimise Conversion,optimiseconversionrates.com,"optimise, conversion","optimise, conversion",2,2,TRUE,1,Improve Your Conversion Rates. Instantly.
Truckers Quote,truckersquotepro.com,"truckers, quote","truckers, quote",2,2,TRUE,8,Truckers Quote Pro
Till Business,tillbusinessconsulting.co.uk,"till, business","till, business",2,2,TRUE,1,Till Business Consulting
Till Business,tillbusinessconsulting.co.uk,"till, business","till, business",2,2,TRUE,3,About Me - Till Business Consulting
Ridgeline Heating,ridgelineheatingllc.com,"ridgeline, heating","ridgeline, heating",2,2,TRUE,1,Ridgeline Heating and Cooling
Ridgeline Heating,ridgelineheatingllc.com,"ridgeline, heating","ridgeline, heating",2,2,TRUE,3,"Mitsubishi Heat Pump, Heating and Cooling, Air Conditioning"
Existential Counseling,existentialcounselingandconsulting.com,"existential, counseling","existential, counseling",2,2,TRUE,1,Existential Counseling and Consulting Services | Ellington
Existential Counseling,existential-counseling.com,"existential, counseling","existential, counseling",2,2,TRUE,4,Existential Counseling | Scottsdale
Kiwi Drainage,kiwidrainage.co.uk,"kiwi, drainage","kiwi, drainage",2,2,TRUE,1,Drain unblocking | Kiwi Drainage | Watford
Kiwi Drainage,kiwidrainage.co.uk,"kiwi, drainage","kiwi, drainage",2,2,TRUE,6,Drain rodding | Kiwi Drainage | Watford
Coyote Clean,coyotecleanup.bandcamp.com,"coyote, clean","coyote, clean",2,2,TRUE,2,coyote clean up: Music
Casino Hugo,hugocasino.org,"casino, hugo","casino, hugo",2,2,TRUE,3,Discover Hugo Casino | The Ultimate Online Gambling Experience
Starlight Loans,starlightloans.co.za,"starlight, loans","starlight, loans",2,2,TRUE,2,Payday Loans | Micro Finance
Do Trash,wedotrash.com,"do, trash","do, trash",2,2,TRUE,1,WeDoTrash - Multifamily apartment doorstep valet trash services
Pulse Bathroom,pulse-bathroom.com,"pulse, bathroom","pulse, bathroom",2,2,TRUE,1,Pulse Bathroom – Expert Bathroom Renovations!
Pulse Bathroom,pulse-bathroom.com,"pulse, bathroom","pulse, bathroom",2,2,TRUE,4,About Us - Pulse Bathroom
Bug Edwards,deadbugedwards.net,"bug, edwards","bug, edwards",2,2,TRUE,1,"Dead Bug Edwards ""Termite & Pest Control"""
Floors Miami,laminatefloorsmiami.com,"floors, miami","floors, miami",2,2,TRUE,2,Waterproof Floors in Miami | Laminate Floors Doral | FT Lauderdale
Floors Miami,usfloorsmiami.com,"floors, miami","floors, miami",2,2,TRUE,6,US Floors | For All Your Flooring Needs
Assist Inventories,assistinventories.co.uk,"assist, inventories","assist, inventories",2,2,TRUE,1,Assist Inventories: Property Inventory Services in London
Handyman Princeton,mrhandymanprinceton.com,"handyman, princeton","handyman, princeton",2,2,TRUE,4,"Mr. Handyman of Princeton: Trusted Handyman in Princeton, NJ"
Hollywood Concrete,hollywoodconcretecontractors.com,"hollywood, concrete","hollywood, concrete",2,2,TRUE,1,Residential Concrete ​
Charleston Landscaper,charlestonlandscaper.com,"charleston, landscaper","charleston, landscaper",2,2,TRUE,1,Charleston Landscaper
Zee Movers,yzeemovers.com,"zee, movers","zee, movers",2,2,TRUE,8,- Yzeemovers
Extermination Mascouche,mascoucheextermination.ca,"extermination, mascouche","extermination, mascouche",2,2,TRUE,4,Extermination Mascouche exterminateur à Mascouche Profaune
Time Chips,islandtimechips.com,"time, chips","time, chips",2,2,TRUE,9,Island Time Chips - Clean Cassava Chips
Online Sunset,onlinesunsetservices.com,"online, sunset","online, sunset",2,2,TRUE,2,Online Sunset Services
Jewish Therapist,jewishtherapists.org,"jewish, therapist","jewish, therapist",2,2,TRUE,1,The Jewish Therapist Collective | Advocacy & Community
Jewish Therapist,jewishtherapists.org,"jewish, therapist","jewish, therapist",2,2,TRUE,4,Therapists Archive - The Jewish Therapist Collective
International Exterminator,international-exterminator.com,"international, exterminator","international, exterminator",2,2,TRUE,1,"home - Elk Grove Village, IL - International Exterminator Co., Inc."
Coventry Advertiser,coventryadvertiser.co.uk,"coventry, advertiser","coventry, advertiser",2,2,TRUE,1,Coventry Advertiser | Newspaper Advertising and Marketing
Inwood Dentist,inwooddentistrywv.com,"inwood, dentist","inwood, dentist",2,2,TRUE,1,"Inwood WV Dentist - Inwood Dentistry - Dr Miller, Dr Harwell & Dr ..."
Lexington Signs,lexingtonsigns.net,"lexington, signs","lexington, signs",2,2,TRUE,3,Lexington Sign Company - Let Us Quote Your Sign | Sign Company ...
Velo Burn,velo.com,"velo, burn",velo,1,2,FALSE,1,How To Use VELO – Beginner's Guide to Nicotine Pouches
Velo Burn,velo.com,"velo, burn",velo,1,2,FALSE,2,What You Need to Know Before Trying Nicotine Pouches - Velo
Velo Burn,ae.velo.com,"velo, burn",velo,1,2,FALSE,3,Frequently Asked Questions About Velo Nicotine Pouches
Velo Burn,velo.com,"velo, burn",velo,1,2,FALSE,4,What Is VELO? Introduction to Nicotine Pouch Brand | UK
Velo Burn,velo.com,"velo, burn",velo,1,2,FALSE,5,Nicotine strength guide - Velo
Plumber Brevard,brevardsbestplumbing.com,"plumber, brevard",brevard,1,2,FALSE,1,Brevard's Best Plumbing - Plumbing Services in Melbourne FL
Plumber Brevard,1tomplumber.com,"plumber, brevard",plumber,1,2,FALSE,8,Reliable Plumber in Brevard - 1-Tom-Plumber Asheville
Spectrum Drivers,spectrum-instrumentation.com,"spectrum, drivers",spectrum,1,2,FALSE,1,Drivers - SPECTRUM Instrumentation
Spectrum Drivers,spectrum-instrumentation.com,"spectrum, drivers",spectrum,1,2,FALSE,10,[PDF] SpcM MATLAB Driver - SPECTRUM Instrumentation
Blinds Seattle,budgetblinds.com,"blinds, seattle",blinds,1,2,FALSE,1,"Window Coverings | Budget Blinds Seattle NW, WA"
Blinds Seattle,anchorblinds.com,"blinds, seattle",blinds,1,2,FALSE,4,"Anchor Blinds - Seattle Blinds, Seattle Shades, Seattle Window ..."
Blinds Seattle,lumenblinds.com,"blinds, seattle",blinds,1,2,FALSE,5,Lumen Blinds - Custom Window Blinds and Shades in Seattle
Blinds Seattle,budgetblinds.com,"blinds, seattle",blinds,1,2,FALSE,7,"Window Coverings | Budget Blinds Seattle, WA"
Blinds Seattle,anchorblinds.com,"blinds, seattle",blinds,1,2,FALSE,8,Blinds for Seattle - Anchor Blinds : About
Blinds Seattle,lumenblinds.com,"blinds, seattle",blinds,1,2,FALSE,10,"Roller Shades - Custom Window Blinds, Shades in Seattle"
Tango Walkthrough,tango.ai,"tango, walkthrough",tango,1,2,FALSE,1,"Create software training guides, in minutes - Tango.ai"
Tango Walkthrough,tango.ai,"tango, walkthrough",tango,1,2,FALSE,4,Integrate - Tango.ai
Xenia Insurance,insuranceage.co.uk,"xenia, insurance",insurance,1,2,FALSE,6,Tim Coles named CEO of Brown & Brown's European wholesale ...
Xenia Insurance,insuranceage.co.uk,"xenia, insurance",insurance,1,2,FALSE,10,Tysers sells credit & surety business to Xenia - Insurance Age
Tampa Payroll,payrollmanagers.net,"tampa, payroll",payroll,1,2,FALSE,2,Tampa Payroll Services | Small Business Insurance & PEO
Tampa Payroll,simplifipayroll.com,"tampa, payroll",payroll,1,2,FALSE,3,HR & Payroll Services Tampa
Tampa Payroll,partnersinsuranceandpayroll.com,"tampa, payroll",payroll,1,2,FALSE,7,"Tampa, FL Payroll Services"
Legal Schedule,legalbriefai.com,"legal, schedule",legal,1,2,FALSE,1,"schedule - Meaning in law and legal documents, Examples and FAQs"
Legal Schedule,gallo.legal,"legal, schedule",legal,1,2,FALSE,4,Schedule a Court Reporter Online - Gallo Legal Services
Legal Schedule,devine.legal,"legal, schedule",legal,1,2,FALSE,10,Schedule a Consult - Devine Legal Group
Kami Security,kamiapp.com,"kami, security",kami,1,2,FALSE,2,[PDF] Security and Data Protection Measures - Kami
Kami Security,dev.kamihome.com,"kami, security",kami,1,2,FALSE,5,Kami Doorbell Camera
Kami Security,nudgesecurity.com,"kami, security",security,1,2,FALSE,8,Is Kami Safe? Learn if Kami Is Legit | Nudge Security
Maui Roofers,allsecuremaui.com,"maui, roofers",maui,1,2,FALSE,7,"FAQ's - ALL SECURE ROOFING & WATERPROOFING,LLC"
Greece Exterminator,rochesternyanimalexterminator.com,"greece, exterminator",exterminator,1,2,FALSE,2,Greece Animal Exterminator Wildlife Control
Greece Exterminator,pest-control-north-greece-ny.ati-net.com,"greece, exterminator",greece,1,2,FALSE,7,"Pest Control North Greece, NY | 888-251-0826"
Victorville Lawyer,rpmlawyer.com,"victorville, lawyer",lawyer,1,2,FALSE,6,Wrongful Termination Lawyer |Sexual Harassment Attorney | San ...
Victorville Lawyer,rpmlawyer.com,"victorville, lawyer",lawyer,1,2,FALSE,10,Wrongful Termination Lawyers & Attorneys Victorville California
Orlando Payroll,orlandotaxcoach.com,"orlando, payroll",orlando,1,2,FALSE,3,"Orlando, Florida Payroll Services | Sonu Shukla, CPA, PA"
Concrete Sonoma,sonomamarin.com,"concrete, sonoma",sonoma,1,2,FALSE,1,Sonoma Marin Construction | Foundations | Remodeling | New ...
Concrete Sonoma,sonomastone.com,"concrete, sonoma",sonoma,1,2,FALSE,7,[PDF] makers of earthcrete™ recyled concrete - Sonoma Cast Stone
Avanti Roofing,avantiroofs.com,"avanti, roofing",avanti,1,2,FALSE,1,"Avanti Roofing: Roofing Company Cedar Park, TX | Contact Us Today!"
Avanti Roofing,avantiroofs.com,"avanti, roofing",avanti,1,2,FALSE,7,About - Avanti Roofing
Staffers India,indiamart.com,"staffers, india",india,1,2,FALSE,4,Staffers India Consulting - About us - IndiaMART
Staffers India,indiamart.com,"staffers, india",india,1,2,FALSE,8,Staffers India Consulting | About Us - IndiaMART
Recover Foundation,fundacionrecover.org,"recover, foundation",recover,1,2,FALSE,1,"Recover Foundation, Hospitals for Africa | Health in Africa"
Recover Foundation,fundacionrecover.org,"recover, foundation",recover,1,2,FALSE,2,Recover Fundation - Health cooperation in Africa | About us
Recover Foundation,recover.org.pl,"recover, foundation",recover,1,2,FALSE,4,Home - Recover
Recover Foundation,empower2recover.com,"recover, foundation",recover,1,2,FALSE,8,Join Addiction Awareness Events Across Canada
Cater Software,softwareadvice.com,"cater, software",software,1,2,FALSE,1,"Better Cater Software Reviews, Demo & Pricing - 2025"
Cater Software,softwareadvice.com,"cater, software",software,1,2,FALSE,3,Better Cater Alternatives - Software Advice
Reduced Insurance,independentinsuranceassociates.com,"reduced, insurance",insurance,1,2,FALSE,1,Added On vs Reduced Insurance: What To Know
Reduced Insurance,inszoneinsurance.com,"reduced, insurance",insurance,1,2,FALSE,7,Risk Management Tips to Reduce Your Insurance Premiums
Reduced Insurance,bnainsurancegroup.com,"reduced, insurance",insurance,1,2,FALSE,8,10 Risk Factors That Affect Your Auto Insurance Premium
Question Practice,wonderlictestpractice.com,"question, practice",practice,1,2,FALSE,2,Wonderlic Test Practice
Peralta Painting,peraltanorthshore.com,"peralta, painting",peralta,1,2,FALSE,3,"Painter | Peralta Painting & Remodeling | North Shore Suburbs, IL"
Peralta Painting,peraltapainters.com,"peralta, painting",peralta,1,2,FALSE,5,Welcome to Peralta Painters: A Chicago Painting Contractor
Zone Equipment,powerzone.com,"zone, equipment",zone,1,2,FALSE,2,In-Stock Industrial Equipment | Power Zone Equipment Inc
Sales Schedule,salesfuel.com,"sales, schedule",sales,1,2,FALSE,4,Create an Effective Sales Schedule With These Simple Steps
Bank Bastrop,frontierbankoftexas.bank,"bank, bastrop",bank,1,2,FALSE,1,Bastrop - Frontier Bank of Texas
Bank Bastrop,locations.frostbank.com,"bank, bastrop",bank,1,2,FALSE,2,Frost Bank Bastrop Financial Center
Bank Bastrop,rsb.bank,"bank, bastrop",bank,1,2,FALSE,3,Bastrop - Roscoe Bank
Bank Bastrop,locations.prosperitybankusa.com,"bank, bastrop",bank,1,2,FALSE,4,Bastrop - Prosperity Bank Locations
Bank Bastrop,business.bastropchamber.com,"bank, bastrop",bastrop,1,2,FALSE,10,Prosperity Bank - Bastrop Chamber of Commerce
Concrete Wichita,majorconcrete.com,"concrete, wichita",concrete,1,2,FALSE,2,Major Concrete- Wichita Construction Concret
Concrete Wichita,beranconcrete.com,"concrete, wichita",concrete,1,2,FALSE,4,"Ready Mix Concrete Wichita, KS"
Chase To,chase.com,chase,chase,1,1,TRUE,1,"Credit Card, Mortgage, Banking, Auto | Chase Online | Chase.com"
Chase To,jpmorganchase.com,chase,chase,1,1,TRUE,2,JPMorgan Chase
Lets Software,letsf.org.uk,"lets, software",lets,1,2,FALSE,2,LETS Software - LETS Forum
Lets Software,letslinkuk.net,"lets, software",lets,1,2,FALSE,7,Papers: Computing Corner
Roster Help,support.getroster.com,"roster, help",roster,1,2,FALSE,1,Roster Help Center
Roster Help,healthyroster.com,"roster, help",roster,1,2,FALSE,6,Healthy Roster FAQs | Frequently Asked Questions about our Sports ...
Resonate Research,resonate.digital,"resonate, research",resonate,1,2,FALSE,1,Resonate — Research and design company
Resonate Research,resonate.com,"resonate, research",resonate,1,2,FALSE,2,News Archive - Resonate
Resonate Research,resonate.com,"resonate, research",resonate,1,2,FALSE,3,As Featured In The Financial Brand - Resonate
Resonate Research,resonateforest.org,"resonate, research",resonate,1,2,FALSE,4,[PDF] Research: - Resonate Forest
Resonate Research,resonateforest.org,"resonate, research",resonate,1,2,FALSE,6,Resources - Resonate Forest
Jesus Charity,charitygayle.com,"jesus, charity",charity,1,2,FALSE,9,Rejoice - Lyrics - Because of Jesus - CHARITY GAYLE
Adib Sec,adib.com,"adib, sec",adib,1,2,FALSE,1,ADIB Securities Trading App
Adib Sec,adib.com,"adib, sec",adib,1,2,FALSE,2,ADIB Abu Dhabi Islamic Bank
Recovery Ranches,phoenixranches.org,"recovery, ranches",ranches,1,2,FALSE,5,Phoenix Ranch Foundation: Home Page
Recovery Ranches,ptsdrecoveryranch.org,"recovery, ranches",recovery,1,2,FALSE,10,Ranch Therapy - PTSD Recovery
Prep Delivery,prepwatch.org,"prep, delivery",prep,1,2,FALSE,2,Delivery Issues and Best Practices - PrEPWatch
Infrastructure Scan,scansuite.gitbook.io,"infrastructure, scan",scan,1,2,FALSE,8,Infrastructure Checks | ScanSuite
Dream Roofers,dreamroofingpa.com,"dream, roofers",dream,1,2,FALSE,4,Residential Roofing Services & More - Dream Roofing
Fallbrook Storage,totalstoragesolutions.com,"fallbrook, storage",storage,1,2,FALSE,4,"Self Storage Units in Fallbrook, CA, at 202 West College Street"
Sammamish Dentist,pinelakefamilydentistry.com,"sammamish, dentist",dentist,1,2,FALSE,2,"Family Dentists in Sammamish, WA | Pine Dentistry"
Sammamish Dentist,general-dentist-issaquah-washington.com,"sammamish, dentist",dentist,1,2,FALSE,4,Lake Sammamish Family Dentistry :: General Dentistry
Sammamish Dentist,nurturekidsdentistry.com,"sammamish, dentist",dentist,1,2,FALSE,5,"Why Choose Dr. Jumani | Sammamish, WA - Nurture Kids Dentistry"
Sammamish Dentist,pinelakefamilydentistry.com,"sammamish, dentist",dentist,1,2,FALSE,8,"Dental Services Sammamish, WA | Pine Lake Famly Dentistry"
Cybersecurity Sentinel,sentinel-data.com,"cybersecurity, sentinel",sentinel,1,2,FALSE,1,Cybersecurity - Sentinel Data Solutions
Cybersecurity Sentinel,sentinelcomputers.net,"cybersecurity, sentinel",sentinel,1,2,FALSE,9,Cybersecurity – Sentinel Computers IT Support Cork
Hers Therapy,emergetherapy.com,"hers, therapy",therapy,1,2,FALSE,4,Couples Counseling - Emerge Therapy
Hers Therapy,emergetherapy.com,"hers, therapy",therapy,1,2,FALSE,9,Play Therapy | EMERGE
Leap Database,leap.sei.org,"leap, database",leap,1,2,FALSE,10,How can I get the Leap database for my reference - LEAP SEI
Lists Mailing,marketing-lists-direct.com,"lists, mailing",lists,1,2,FALSE,5,Marketing Lists Direct: Buy Mailing Lists - Mailing List
Crate Business,cratenpacksolutions.com.au,"crate, business",crate,1,2,FALSE,5,Custom Crating Services & On-Site Packing Help
Crate Business,dogcrateplans.com,"crate, business",crate,1,2,FALSE,9,Want to start a Dog Crate Business?
Blooming Bookkeeping,bloomingbookkeeper.com,"blooming, bookkeeping",blooming,1,2,FALSE,2,Home | The Blooming Bookkeeper LLC | QuickBooks Online | USA
Relocation Michigan,michiganofficemovers.com,"relocation, michigan",michigan,1,2,FALSE,3,"Commercial, Office & Business Moving Services | Detroit & Michigan"
Relocation Michigan,michigandutchbarns.com,"relocation, michigan",michigan,1,2,FALSE,4,Shed Relocation - Michigan Dutch Barns
Relocation Michigan,michiganmovers.com,"relocation, michigan",michigan,1,2,FALSE,5,Budget Movers in Michigan Move Your Small Business or Relocate ...
Relocation Michigan,michiganofficemovers.com,"relocation, michigan",michigan,1,2,FALSE,10,Library Move & Relocation Support Services | Michigan & Detroit
Hampton Locksmiths,hamptonlocksmith.net,"hampton, locksmiths",hampton,1,2,FALSE,1,Hampton locksmith - Hampton locksmiths - (757) 952-1842
Hampton Locksmiths,hamptonfastlocksmith.com,"hampton, locksmiths",hampton,1,2,FALSE,2,"Hampton Fast Locksmith - Hampton, VA"
Hampton Locksmiths,locksmithwadehampton.com,"hampton, locksmiths",hampton,1,2,FALSE,4,"Locksmith Wade Hampton - Wade Hampton, SC"
Hampton Locksmiths,locksmithhampton-va.com,"hampton, locksmiths",hampton,1,2,FALSE,7,Locksmith Hampton VA - (757) 997-1885 - Most Reputable!
Hampton Locksmiths,wadehamptonlocksmith.com,"hampton, locksmiths",hampton,1,2,FALSE,10,"Wade Hampton Locksmith - Wade Hampton, SC"
Gambling Big,gamblingharm.org,"gambling, big",gambling,1,2,FALSE,5,How Many Gamblers Quit Before Winning Big? - Gambling Harm
Seattle Parkour,parkourvisions.org,"seattle, parkour",parkour,1,2,FALSE,1,Parkour Classes for Kids in Seattle
Seattle Parkour,parkourvisions.org,"seattle, parkour",parkour,1,2,FALSE,2,Parkour Visions Seattle | After School | Summer Camps
Seattle Parkour,parkourvisions.org,"seattle, parkour",parkour,1,2,FALSE,7,Parkour @ University of Washington (UW) in Seattle
Seattle Parkour,parkourvisions.org,"seattle, parkour",parkour,1,2,FALSE,8,Garfield Super Block Parkour Park (GSB) in Seattle
Seattle Parkour,pennclubofseattle.com,"seattle, parkour",seattle,1,2,FALSE,10,Parkour Class - Penn Club of Seattle
Ford Orthodontics,russfordortho.com,"ford, orthodontics",ford,1,2,FALSE,1,"Dr. Russ Ford: Orthodontist in Colorado Springs, CO"
Locksmiths Charleston,flyinglocksmiths.com,"locksmiths, charleston",locksmiths,1,2,FALSE,2,Commercial Locksmith & Locksmith Services In Charleston
Escondido Signs,signsforsandiego.com,"escondido, signs",signs,1,2,FALSE,4,"Escondido Signs, examples – Signs For San Diego"
Escondido Signs,trueimpactsigns.com,"escondido, signs",signs,1,2,FALSE,5,"Sign Company Escondido, CA | Local Indoor & Outdoor Signs Shop ..."
Optimise Conversion,optimisemedia.com,"optimise, conversion",optimise,1,2,FALSE,5,Increase efficiency with automated conversion validations
Lessor Group,lessor.dk,"lessor, group",lessor,1,2,FALSE,2,Lessor - optimer forretningen med systemer til lønbehandling ...
Auction Attorney,auctionlit.com,"auction, attorney",auction,1,2,FALSE,1,AuctionLit
Handyman Fullerton,acehandymanservices.com,"handyman, fullerton",handyman,1,2,FALSE,4,"Ace Handyman Services Placentia, CA"
Handyman Fullerton,picture-perfect-handyman.com,"handyman, fullerton",handyman,1,2,FALSE,9,Handyman Fullerton CA
Fragrances Market,market.us,"fragrances, market",market,1,2,FALSE,3,"Fragrances Market Size, Share | CAGR of 5.8%"
Fragrances Market,marketsandmarkets.com,"fragrances, market",market,1,2,FALSE,6,"Flavors and Fragrances Market Size, Industry Share Forecast [Latest]"
Fragrances Market,marketsandata.com,"fragrances, market",market,1,2,FALSE,8,"Global Men's Fragrances Market Size, Trends, Report 2031"
Till Business,striptillfarmer.com,"till, business",till,1,2,FALSE,8,[Video] Why Strip-Till Business is Booming with Kuhn Krause's Curt ...
Automated Scales,primeusascales.com,"automated, scales",scales,1,2,FALSE,4,Benefits of Automating Your Weighing Scales
Automated Scales,kanawhascales.com,"automated, scales",scales,1,2,FALSE,6,[PDF] WeighMaster Flyer - Kanawha Scales
Charlotte Ywca,ywcacentralcarolinas.org,"charlotte, ywca",ywca,1,2,FALSE,1,Housing Programs - YWCA Central Carolinas
Charlotte Ywca,ywcacentralcarolinas.org,"charlotte, ywca",ywca,1,2,FALSE,2,About Us - YWCA Central Carolinas
Charlotte Ywca,ywcagreenwich.org,"charlotte, ywca",ywca,1,2,FALSE,10,Dolphins Shine in Charlotte - YWCA - Greenwich
Fraud Insider,fraud.net,"fraud, insider",fraud,1,2,FALSE,1,Internal Fraud (Insider Fraud) Definition - FraudNet
Temecula Appraiser,exploringtemecula.com,"temecula, appraiser",temecula,1,2,FALSE,8,Temecula appraiser insights Archives - Greenleaf Real Estate
Temecula Appraiser,appraiser10.com,"temecula, appraiser",appraiser,1,2,FALSE,10,Riverside Appraiser
Ridgeline Heating,ridgelinecool.com,"ridgeline, heating",ridgeline,1,2,FALSE,2,Ridgeline Heating & Cooling
Ridgeline Heating,ridgelinecool.com,"ridgeline, heating",ridgeline,1,2,FALSE,5,ac – Ridgeline Heating & Cooling
Ridgeline Heating,ridgelinecomfort.com,"ridgeline, heating",ridgeline,1,2,FALSE,6,Ductless Heat Pump Installation | Ridgeline Heating And Cooling ...
Ridgeline Heating,ridgelinehandc.com,"ridgeline, heating",ridgeline,1,2,FALSE,10,| Ridgeline Heating and Cooling
Legacy Shutters,plantationshutters.ie,"legacy, shutters",shutters,1,2,FALSE,9,Legacy Shutters - Plantation Shutters Dublin
Shipping Table,advancedshippingmanager.com,"shipping, table",shipping,1,2,FALSE,7,Shipping Tables with Advanced Shipping Manager
Breakup Coaches,breakupcoach.com,"breakup, coaches",breakup,1,2,FALSE,8,Breakup Coach
Rise Login,rise.ubc.ca,"rise, login",rise,1,2,FALSE,3,Accessing RISe | Research Information Systems
Rise Login,rise.seepz.gov.in,"rise, login",rise,1,2,FALSE,5,RISe Login - Seepz
Rise Login,rise.ph,"rise, login",rise,1,2,FALSE,6,Login - RISE Internet's
Rise Login,nflow.risere.com,"rise, login",rise,1,2,FALSE,7,NFLOW Automation by RISE - Login
Rise Login,ycdsb.myriseplan.com,"rise, login",rise,1,2,FALSE,8,RISE - Login
Rise Login,rise.ubc.ca,"rise, login",rise,1,2,FALSE,10,Access RISe | Research Information Systems
Pastime Usa,addpastime.com,"pastime, usa",pastime,1,2,FALSE,1,"Pastime – The #1 THC Beverage Additive for Bars, Shops & Retailers"
Pastime Usa,addpastime.com,"pastime, usa",pastime,1,2,FALSE,2,"The #1 THC Beverage Additive for Bars, Shops & Retailers - Pastime"
Towing Boom,rentmyboom.com,"towing, boom",boom,1,2,FALSE,2,Rent My Boom Now!
Casino Hugo,hugook.com,"casino, hugo",hugo,1,2,FALSE,1,"Choctaw Casino - Hugo, OK"
Casino Hugo,casinohipster.com,"casino, hugo",casino,1,2,FALSE,7,Hugo Casino Review 2025 – Hot or Not?
Lewisville Printing,dfwprinting.net,"lewisville, printing",printing,1,2,FALSE,4,"Best Print Shop Lewisville, TX | Printing Company Near Me"
Lewisville Printing,printingpeach.com,"lewisville, printing",printing,1,2,FALSE,8,Printing Lewisville | Printing Peach Store
Lewisville Printing,northdallasprintingservices.com,"lewisville, printing",printing,1,2,FALSE,10,"Best Print Shop Lewisville, TX | Printing Company Near Me"
Drywall Boom,koronaboom.com,"drywall, boom",boom,1,2,FALSE,7,Korona Boom: Home
One Skylight,skylightservicecenter.com,"one, skylight",skylight,1,2,FALSE,3,One Skylight or Several? What Works Best for Your Home - Skylight ...
One Skylight,skylightframe.com,"one, skylight",skylight,1,2,FALSE,5,Skylight | Smart Touchscreen Family Calendar and Organizer
One Skylight,skylight.com,"one, skylight",skylight,1,2,FALSE,9,Solar Powered Fresh Air Skylight Systems
Paradigm Marin,marinraw.com,"paradigm, marin",marin,1,2,FALSE,2,Dr Harveys | Paradigm - Marin Raw
Oil Logistic,amivoil.com,"oil, logistic",oil,1,2,FALSE,10,Amiv Oil – Logistic operations with chemical products
Floors Miami,floormiami.com,"floors, miami",miami,1,2,FALSE,1,Floor Miami Distributor | Waterproof Flooring | Trim Mouldings |
Floors Miami,footprintsfloors.com,"floors, miami",floors,1,2,FALSE,3,"Footprints Floors. Top Flooring Installation in Miami / Broward, FL"
Floors Miami,plfloors.com,"floors, miami",floors,1,2,FALSE,9,Engineered Wood Floors Miami | Custom Wood Floors
Roofing Leaders,roofingcontractor.com,"roofing, leaders",roofing,1,2,FALSE,5,VIDEO: The Roofing Academy Drives Roofing Leaders to Succeed
Roofing Leaders,roofingbusinesspartner.com,"roofing, leaders",roofing,1,2,FALSE,6,Scaling Up: Growth Strategies for Emerging Roofing Leaders
Alaska Army,myarmybenefits.us.army.mil,"alaska, army",army,1,2,FALSE,6,Alaska Military Installations - Contact Information - MyArmyBenefits
Alaska Army,dmva.alaska.gov,"alaska, army",alaska,1,2,FALSE,9,AKARNG-Environmental - Alaska DMVA
Refinished Cabinet,kitchencabinetguys.net,"refinished, cabinet",cabinet,1,2,FALSE,1,Cabinet Refacing vs. Refinishing: A Complete Comparison Guide
Refinished Cabinet,fortcollinscabinetkings.com,"refinished, cabinet",cabinet,1,2,FALSE,3,Revitalize Your Cabinets: Expert Refinishing in Fort Collins
Tax Raleigh,jdavidtaxlaw.com,"tax, raleigh",tax,1,2,FALSE,1,"Trusted Tax Attorney Raleigh, NC | Tax Debt Relief Consult"
Rush Translations,rushlanguageservices.com,"rush, translations",rush,1,2,FALSE,1,Rush Translations & Immigrant Services
Rush Translations,rushlanguageservices.com,"rush, translations",rush,1,2,FALSE,2,Miami Certified Translation Services | USCIS & Legal Documents
Handyman Princeton,mrhandyman.com,"handyman, princeton",handyman,1,2,FALSE,1,"Skilled, Reliable Handyman Princeton, NJ"
Handyman Princeton,mrhandyman.com,"handyman, princeton",handyman,1,2,FALSE,3,"Professional Handyman Services Near Princeton, TX, 75407"
Triad Coatings,triadcc.com,"triad, coatings",triad,1,2,FALSE,1,Triad Coatings And Construction LLC
Charleston Landscaper,landscapedesigncharleston.com,"charleston, landscaper",charleston,1,2,FALSE,2,Charleston Landscape Design & Development: Property Services
Charleston Landscaper,charlestonplantworks.com,"charleston, landscaper",charleston,1,2,FALSE,5,Landscaping Companies Charleston SC
Zee Movers,zeemover.com,"zee, movers",zee,1,2,FALSE,5,zeemover.com: Home
Ellsworth Paving,ellsworthpm.com,"ellsworth, paving",ellsworth,1,2,FALSE,2,Professional Pavement ... - Contact Ellsworth Paving Maintenance
Advertising Metric,theonlineadvertisingguide.com,"advertising, metric",advertising,1,2,FALSE,1,The Ultimate Guide To Advertising Metrics
Advertising Metric,advertising.amazon.com,"advertising, metric",advertising,1,2,FALSE,6,"Viewability – Definition, measurement, and tips - Amazon Ads"
Lawyer Liverpool,centralnewyorkinjurylawyer.com,"lawyer, liverpool",lawyer,1,2,FALSE,2,Central New York Injury Lawyer Blog — Published by Auburn ...
Vapi Integration,docs.vapi.ai,"vapi, integration",vapi,1,2,FALSE,1,VoiceAIWrapper Integration with Vapi
Vapi Integration,docs.vapi.ai,"vapi, integration",vapi,1,2,FALSE,4,Custom LLM Tool Calling Integration - Vapi
Vapi Integration,vapi.ai,"vapi, integration",vapi,1,2,FALSE,8,RingCentral / Vapi Integration - VAPI
Extermination Mascouche,a-extermination.com,"extermination, mascouche",extermination,1,2,FALSE,3,EXTERMINATEUR MASCOUCHE #1 Fourmis | Souris
Extermination Mascouche,extermination360.com,"extermination, mascouche",extermination,1,2,FALSE,6,Extermination 360: Exterminateur Terrebonne 24/7 | Estimation ...
Extermination Mascouche,vertmineextermination.com,"extermination, mascouche",extermination,1,2,FALSE,7,Exterminateur Mascouche – Intervention Rapide et Discrète
Extermination Mascouche,exterminationlg.ca,"extermination, mascouche",extermination,1,2,FALSE,9,Votre entrepreneur de confiance pour une extermination à Mascouche
Falmouth Electrician,electrician-fredericksburg.com,"falmouth, electrician",electrician,1,2,FALSE,2,Falmouth - Electrician
Gray Roof,bravarooftile.com,"gray, roof",roof,1,2,FALSE,5,Slate Gray Roof Shingles & Design Ideas
Gray Roof,eagleroofing.com,"gray, roof",roof,1,2,FALSE,7,The Rise of Dark Gray Roofs - Eagle Roofing
Online Sunset,sunsetut.gov,"online, sunset",sunset,1,2,FALSE,1,Pay Online - Sunset City
Online Sunset,sunsetinternationalschool.com,"online, sunset",sunset,1,2,FALSE,5,M-DCPS Online - Sunset Elementary School
Online Sunset,sunseteyecarebutler.com,"online, sunset",sunset,1,2,FALSE,6,Shop Online - Sunset Eye Care
Hawkeye Irrigation,hawkeyesystems.net,"hawkeye, irrigation",hawkeye,1,2,FALSE,1,"Residential Irrigation, Cloudburst Cooling, Plumbing Edwardsville"
Diamond Culet,diamonds.pro,"diamond, culet",diamond,1,2,FALSE,1,Diamond Culet: Everything You Need to Know
Diamond Culet,gemonediamond.com,"diamond, culet",diamond,1,2,FALSE,3,What Is Diamond Culet? And It's Grading & Importance?
Diamond Culet,growndiamondcorp.com,"diamond, culet",diamond,1,2,FALSE,7,All You Need To Know About The Diamond Culet
Accommodation Finance,greenfinancegroup.com.au,"accommodation, finance",finance,1,2,FALSE,7,Accommodation & Motel Finance
Nectar Site,nectarsleep.elevio.help,"nectar, site",nectar,1,2,FALSE,4,How will I receive my Nectar Mattress?
Nectar Site,allaboutnectar.com,"nectar, site",nectar,1,2,FALSE,9,Terms of Use - allaboutnectar.com
Lexington Signs,lexsigns.com,"lexington, signs",signs,1,2,FALSE,1,Greater Boston Area Based Lexington Signs & Graphics
Lexington Signs,lexsigns.com,"lexington, signs",signs,1,2,FALSE,5,"Contact Boston, MA Sign Company - Lexington Signs & Graphics"
Lexington Signs,lexsigns.com,"lexington, signs",signs,1,2,FALSE,8,Signage Services - Lexington Signs